Pest Name,Crop,Pest Type,Damage Symptoms,Affected Plant Part,Severity,Recommended Pesticide,Active Ingredient(s),Application Method,Precautions,Source
rice leaf roller,Rice,Lepidopteran (leaf folder),"Leaves folded/skeletonized; yield loss 10–50%",Leaves,High,"Lambda-cyhalothrin; Indoxacarb; Chlorantraniliprole","Lambda-cyhalothrin; Indoxacarb; Chlorantraniliprole","Foliar spray (early season)","Wear PPE; rotate MOA groups","https://en.wikipedia.org/wiki/Cnaphalocrocis_medinalis"
rice leaf caterpillar,Rice,Lepidopteran (leaf feeder),"Leaves rolled; green tissue eaten",Leaves,Medium,"Chlorantraniliprole; Emamectin benzoate; Cartap","Chlorantraniliprole; Emamectin benzoate; Cartap hydrochloride","Foliar spray (vegetative stage)","Follow label; observe PHI","Unknown"
asiatic rice borer,Rice,Lepidopteran (stem borer),"Dead heart and whitehead from stem tunneling",Stems,High,"Emamectin benzoate; Chlorantraniliprole; Fipronil","Emamectin benzoate; Chlorantraniliprole; Fipronil","Soil/foliar at stem elongation","Avoid drift; PHI as per label","https://irac-online.org/pests/chilo-suppressalis/"
yellow rice borer,Rice,Lepidopteran (stem borer),"Stem tunneling; causes dead hearts/whiteheads",Stems,High,"Imidacloprid; Thiamethoxam; Chlorpyrifos","Imidacloprid; Thiamethoxam; Chlorpyrifos","Seed treatment or foliar spray","PHI and bee safety","Unknown"
rice gall midge,Rice,Dipteran (gall midge),"Silver shoot galls; plant stunting, no grains","Tillers (buds)",High,"Cartap hydrochloride; Chlorpyrifos; Fipronil","Cartap hydrochloride; Chlorpyrifos; Fipronil","Foliar spray (early booting)","Toxic to fish; wear PPE","https://en.wikipedia.org/wiki/Orseolia_oryzae"
brown plant hopper,Rice,Hemipteran (planthopper),"Sucks sap; causes hopperburn (wilting)","Stems (base) & leaves",High,"Imidacloprid; Buprofezin; Thiamethoxam","Imidacloprid; Buprofezin; Thiamethoxam","Seed treatment or foliar spray","Avoid overuse; protect natural enemies","https://www.halo.science/request_for_solutions/insecticides-to-control-bph-in-rice"
white backed plant hopper,Rice,Hemipteran (planthopper),"Sucks sap; causes hopperburn; similar to BPH","Stems and leaves",High,"Imidacloprid; Fipronil; Chlorpyrifos","Imidacloprid; Fipronil; Chlorpyrifos","Foliar spray","Rotate chemical classes","IRRI rice pest compendium"
rice water weevil,Rice,Coleopteran (weevil),"Larval root pruning causes stunting; adult leaf scars","Roots (larvae) and leaves",High,"Lambda-cyhalothrin; Zeta-cypermethrin; Diflubenzuron","Lambda-cyhalothrin; Zeta-cypermethrin; Diflubenzuron","Foliar spray post-flood","Apply at threshold; safe for fish with microencapsulation","https://ipm.ucanr.edu/agriculture/rice/rice-water-weevil/"
english grain aphid,Wheat,Hemipteran (aphid),"Sucks sap; transmits barley yellow dwarf virus",Leaves/ stems,Medium,"Imidacloprid; Lambda-cyhalothrin","Imidacloprid; Lambda-cyhalothrin","Foliar spray at first detection","Toxic to bees; monitor natural enemies","Extension wheat IPM guides"
bird cherry-oataphid,Wheat,Hemipteran (aphid),"Vectors barley yellow dwarf; causes leaf yellowing",Leaves,Medium,"Imidacloprid; Thiamethoxam","Imidacloprid; Thiamethoxam","Seed or foliar treatment","Avoid bloom period; use as needed","Extension small grains references"
wheat blossom midge,Wheat,Dipteran (midge),"Larvae feed on kernels causing shriveling",Grains,Medium,"Lambda-cyhalothrin; Chlorpyrifos","Lambda-cyhalothrin; Chlorpyrifos","Foliar spray during heading","Apply at egg hatch; observe PHI","Wheat pest management publications"
wheat sawfly,Wheat,Hymenopteran (sawfly),"Larvae girdle stems; straw-filled stems upon cutting","Stems",Low,"Acetamiprid; Imidacloprid","Acetamiprid; Imidacloprid","Seed treatment or early foliar","Treat during early stages","Prairie pest management bulletins"
aphids,Multiple,Hemipteran (aphid), "Sap-sucking; honeydew/excreta; potential virus vector","Leaves/ stems",Medium,"Imidacloprid; Thiamethoxam","Imidacloprid; Thiamethoxam","Seed or foliar spray","Use systemic under canopy; rotate chemistries","General IPM guidelines (aphids)"
army worm,Multiple,Lepidopteran (armyworm), "Defoliates leaves; cuts seedlings","Leaves and stems",Medium,"Chlorantraniliprole; Flubendiamide; Emamectin benzoate","Chlorantraniliprole; Flubendiamide; Emamectin benzoate","Foliar spray against larvae","Rotate MOAs; monitor for resistance","General insect control guides"
black cutworm,Multiple,Lepidopteran (cutworm),"Cut seedlings at soil line; leaf feeding","Stem base and leaves",Medium,"Chlorantraniliprole; Flubendiamide; Emamectin benzoate","Chlorantraniliprole; Flubendiamide; Emamectin benzoate","Foliar spray post-emergence","Apply to whorl/ground contact","Crop protection handbooks"
flea beetle,Multiple,Coleopteran (leaf beetle),"Shot-holes in leaves; stunting in seedlings","Leaves",Medium,"Imidacloprid; Thiamethoxam; Pyrethroids","Imidacloprid; Thiamethoxam; various pyrethroids","Foliar spray at first appearance","Protect pollinators; use trap crops","Vegetable/IPM extension resources"
Thrips,Multiple,Thysanopteran,"Leaf silvering/bronzing; distortions",Leaves,Medium,"Spinosad; Abamectin; Imidacloprid","Spinosad; Abamectin; Imidacloprid","Foliar spray early morning","Repeat applications; protective coveralls","Thrips management literature"
red spider,Multiple,Arachnid (mite),"Leaf stippling, bronzing; fine webbing","Leaves",Medium,"Abamectin; Bifenazate; Spiromesifen","Abamectin; Bifenazate; Spiromesifen","Foliar spray with surfactant","Use miticides; rotate modes","Mite control guides"
corn borer,Multiple,Lepidopteran (stem borer),"Stem/tassel tunneling; ear damage","Stems, ears",Medium,"Chlorpyrifos; Lambda-cyhalothrin; Emamectin benzoate","Chlorpyrifos; Lambda-cyhalothrin; Emamectin benzoate","Foliar spray at egg hatch","Target early instars; avoid pre-harvest use","Maize pest management guides"
grub,Multiple,Coleopteran (scarab larvae),"Root feeding causes lodging and stunting","Roots",Low,"Chlorpyrifos; Imidacloprid; Thiamethoxam","Chlorpyrifos; Imidacloprid; Thiamethoxam","Soil application at planting","Protect groundwater; follow label","General entomology references"